Metric,Value
MAE,0.039846547213635945
MSE,0.004319724454579162
RMSE,0.06572461072215767
R2,0.9823127902719959
MAPE,0.6151021321724636
MDAPE,0.5137137359096965
